USE [master]
GO
/****** Object:  Database [Sofka]    Script Date: 17/10/2021 9:19:02 p. m. ******/
CREATE DATABASE [Sofka]
GO
ALTER DATABASE [Sofka] SET COMPATIBILITY_LEVEL = 150
GO
IF (1 = FULLTEXTSERVICEPROPERTY('IsFullTextInstalled'))
begin
EXEC [Sofka].[dbo].[sp_fulltext_database] @action = 'enable'
end
GO
ALTER DATABASE [Sofka] SET ANSI_NULL_DEFAULT OFF 
GO
ALTER DATABASE [Sofka] SET ANSI_NULLS OFF 
GO
ALTER DATABASE [Sofka] SET ANSI_PADDING OFF 
GO
ALTER DATABASE [Sofka] SET ANSI_WARNINGS OFF 
GO
ALTER DATABASE [Sofka] SET ARITHABORT OFF 
GO
ALTER DATABASE [Sofka] SET AUTO_CLOSE OFF 
GO
ALTER DATABASE [Sofka] SET AUTO_SHRINK OFF 
GO
ALTER DATABASE [Sofka] SET AUTO_UPDATE_STATISTICS ON 
GO
ALTER DATABASE [Sofka] SET CURSOR_CLOSE_ON_COMMIT OFF 
GO
ALTER DATABASE [Sofka] SET CURSOR_DEFAULT  GLOBAL 
GO
ALTER DATABASE [Sofka] SET CONCAT_NULL_YIELDS_NULL OFF 
GO
ALTER DATABASE [Sofka] SET NUMERIC_ROUNDABORT OFF 
GO
ALTER DATABASE [Sofka] SET QUOTED_IDENTIFIER OFF 
GO
ALTER DATABASE [Sofka] SET RECURSIVE_TRIGGERS OFF 
GO
ALTER DATABASE [Sofka] SET  ENABLE_BROKER 
GO
ALTER DATABASE [Sofka] SET AUTO_UPDATE_STATISTICS_ASYNC OFF 
GO
ALTER DATABASE [Sofka] SET DATE_CORRELATION_OPTIMIZATION OFF 
GO
ALTER DATABASE [Sofka] SET TRUSTWORTHY OFF 
GO
ALTER DATABASE [Sofka] SET ALLOW_SNAPSHOT_ISOLATION OFF 
GO
ALTER DATABASE [Sofka] SET PARAMETERIZATION SIMPLE 
GO
ALTER DATABASE [Sofka] SET READ_COMMITTED_SNAPSHOT OFF 
GO
ALTER DATABASE [Sofka] SET HONOR_BROKER_PRIORITY OFF 
GO
ALTER DATABASE [Sofka] SET RECOVERY FULL 
GO
ALTER DATABASE [Sofka] SET  MULTI_USER 
GO
ALTER DATABASE [Sofka] SET PAGE_VERIFY CHECKSUM  
GO
ALTER DATABASE [Sofka] SET DB_CHAINING OFF 
GO
ALTER DATABASE [Sofka] SET FILESTREAM( NON_TRANSACTED_ACCESS = OFF ) 
GO
ALTER DATABASE [Sofka] SET TARGET_RECOVERY_TIME = 60 SECONDS 
GO
ALTER DATABASE [Sofka] SET DELAYED_DURABILITY = DISABLED 
GO
ALTER DATABASE [Sofka] SET ACCELERATED_DATABASE_RECOVERY = OFF  
GO
EXEC sys.sp_db_vardecimal_storage_format N'Sofka', N'ON'
GO
ALTER DATABASE [Sofka] SET QUERY_STORE = OFF
GO
USE [Sofka]
GO
/****** Object:  Table [dbo].[CATEGORIAS]    Script Date: 17/10/2021 9:19:03 p. m. ******/
SET ANSI_NULLS ON
GO
SET QUOTED_IDENTIFIER ON
GO
CREATE TABLE [dbo].[CATEGORIAS](
	[ID] [int] IDENTITY(1,1) NOT NULL,
	[NOMBRE] [varchar](256) NULL,
	[PUNTOS] [int] NULL,
	[NIVEL] [int] NULL,
PRIMARY KEY CLUSTERED 
(
	[ID] ASC
)WITH (PAD_INDEX = OFF, STATISTICS_NORECOMPUTE = OFF, IGNORE_DUP_KEY = OFF, ALLOW_ROW_LOCKS = ON, ALLOW_PAGE_LOCKS = ON, OPTIMIZE_FOR_SEQUENTIAL_KEY = OFF) ON [PRIMARY]
) ON [PRIMARY]
GO
/****** Object:  Table [dbo].[HISTORICO]    Script Date: 17/10/2021 9:19:03 p. m. ******/
SET ANSI_NULLS ON
GO
SET QUOTED_IDENTIFIER ON
GO
CREATE TABLE [dbo].[HISTORICO](
	[ID] [int] IDENTITY(1,1) NOT NULL,
	[NOMBRE] [varchar](128) NULL,
	[PUNTOS] [int] NULL,
PRIMARY KEY CLUSTERED 
(
	[ID] ASC
)WITH (PAD_INDEX = OFF, STATISTICS_NORECOMPUTE = OFF, IGNORE_DUP_KEY = OFF, ALLOW_ROW_LOCKS = ON, ALLOW_PAGE_LOCKS = ON, OPTIMIZE_FOR_SEQUENTIAL_KEY = OFF) ON [PRIMARY]
) ON [PRIMARY]
GO
/****** Object:  Table [dbo].[PREGUNTAS]    Script Date: 17/10/2021 9:19:03 p. m. ******/
SET ANSI_NULLS ON
GO
SET QUOTED_IDENTIFIER ON
GO
CREATE TABLE [dbo].[PREGUNTAS](
	[ID] [int] IDENTITY(1,1) NOT NULL,
	[CATEGORIAID] [int] NULL,
	[DESCRIPCION] [varchar](1024) NULL,
PRIMARY KEY CLUSTERED 
(
	[ID] ASC
)WITH (PAD_INDEX = OFF, STATISTICS_NORECOMPUTE = OFF, IGNORE_DUP_KEY = OFF, ALLOW_ROW_LOCKS = ON, ALLOW_PAGE_LOCKS = ON, OPTIMIZE_FOR_SEQUENTIAL_KEY = OFF) ON [PRIMARY]
) ON [PRIMARY]
GO
/****** Object:  Table [dbo].[RESPUESTAS]    Script Date: 17/10/2021 9:19:03 p. m. ******/
SET ANSI_NULLS ON
GO
SET QUOTED_IDENTIFIER ON
GO
CREATE TABLE [dbo].[RESPUESTAS](
	[ID] [int] IDENTITY(1,1) NOT NULL,
	[PREGUNTAID] [int] NULL,
	[DESCRIPCION] [varchar](1024) NULL,
	[ESCORRECTA] [bit] NULL,
PRIMARY KEY CLUSTERED 
(
	[ID] ASC
)WITH (PAD_INDEX = OFF, STATISTICS_NORECOMPUTE = OFF, IGNORE_DUP_KEY = OFF, ALLOW_ROW_LOCKS = ON, ALLOW_PAGE_LOCKS = ON, OPTIMIZE_FOR_SEQUENTIAL_KEY = OFF) ON [PRIMARY]
) ON [PRIMARY]
GO
SET IDENTITY_INSERT [dbo].[CATEGORIAS] ON 
GO
INSERT [dbo].[CATEGORIAS] ([ID], [NOMBRE], [PUNTOS], [NIVEL]) VALUES (30, N'Animales', 1, 1)
GO
INSERT [dbo].[CATEGORIAS] ([ID], [NOMBRE], [PUNTOS], [NIVEL]) VALUES (31, N'Cultura', 2, 2)
GO
INSERT [dbo].[CATEGORIAS] ([ID], [NOMBRE], [PUNTOS], [NIVEL]) VALUES (32, N'Deportes', 3, 3)
GO
INSERT [dbo].[CATEGORIAS] ([ID], [NOMBRE], [PUNTOS], [NIVEL]) VALUES (33, N'Records', 4, 4)
GO
INSERT [dbo].[CATEGORIAS] ([ID], [NOMBRE], [PUNTOS], [NIVEL]) VALUES (34, N'Alimentos', 5, 5)
GO
SET IDENTITY_INSERT [dbo].[CATEGORIAS] OFF
GO
SET IDENTITY_INSERT [dbo].[HISTORICO] ON 
GO
INSERT [dbo].[HISTORICO] ([ID], [NOMBRE], [PUNTOS]) VALUES (1, N'Daniel', 1)
GO
INSERT [dbo].[HISTORICO] ([ID], [NOMBRE], [PUNTOS]) VALUES (2, N'Daniel Gomez', 15)
GO
INSERT [dbo].[HISTORICO] ([ID], [NOMBRE], [PUNTOS]) VALUES (3, N'junior', 15)
GO
INSERT [dbo].[HISTORICO] ([ID], [NOMBRE], [PUNTOS]) VALUES (4, N'junior', 1)
GO
INSERT [dbo].[HISTORICO] ([ID], [NOMBRE], [PUNTOS]) VALUES (5, N'junior', 15)
GO
SET IDENTITY_INSERT [dbo].[HISTORICO] OFF
GO
SET IDENTITY_INSERT [dbo].[PREGUNTAS] ON 
GO
INSERT [dbo].[PREGUNTAS] ([ID], [CATEGORIAID], [DESCRIPCION]) VALUES (31, 30, N'Se asoma la cabeza los cachitos cuando hay sol')
GO
INSERT [dbo].[PREGUNTAS] ([ID], [CATEGORIAID], [DESCRIPCION]) VALUES (32, 30, N'Que pajaro pone el huevo mas pequeño')
GO
INSERT [dbo].[PREGUNTAS] ([ID], [CATEGORIAID], [DESCRIPCION]) VALUES (33, 30, N'Que  mamifero  nace de un huevo')
GO
INSERT [dbo].[PREGUNTAS] ([ID], [CATEGORIAID], [DESCRIPCION]) VALUES (34, 30, N'De donde viene el nombre de tiburon limon')
GO
INSERT [dbo].[PREGUNTAS] ([ID], [CATEGORIAID], [DESCRIPCION]) VALUES (35, 30, N'El hijo de que animal sale pintado')
GO
INSERT [dbo].[PREGUNTAS] ([ID], [CATEGORIAID], [DESCRIPCION]) VALUES (36, 31, N'En que año se ignaguro el Metro de Medellin')
GO
INSERT [dbo].[PREGUNTAS] ([ID], [CATEGORIAID], [DESCRIPCION]) VALUES (38, 31, N'En que año se funda Medellin')
GO
INSERT [dbo].[PREGUNTAS] ([ID], [CATEGORIAID], [DESCRIPCION]) VALUES (39, 31, N'Escritor Colombiano destacado')
GO
INSERT [dbo].[PREGUNTAS] ([ID], [CATEGORIAID], [DESCRIPCION]) VALUES (40, 31, N'Cual es el departamento mas poblado de colombia')
GO
INSERT [dbo].[PREGUNTAS] ([ID], [CATEGORIAID], [DESCRIPCION]) VALUES (41, 31, N'Cual es la flor nacional de Colombia')
GO
INSERT [dbo].[PREGUNTAS] ([ID], [CATEGORIAID], [DESCRIPCION]) VALUES (42, 32, N'Unico ciclista colombiano que a ganado tour de Francia')
GO
INSERT [dbo].[PREGUNTAS] ([ID], [CATEGORIAID], [DESCRIPCION]) VALUES (43, 32, N'Mejor ciclista BMX')
GO
INSERT [dbo].[PREGUNTAS] ([ID], [CATEGORIAID], [DESCRIPCION]) VALUES (44, 32, N'Mejor levantador de pesas Colombiano')
GO
INSERT [dbo].[PREGUNTAS] ([ID], [CATEGORIAID], [DESCRIPCION]) VALUES (45, 32, N'Unico ciclista colombiano que a ganado tour de Francia')
GO
INSERT [dbo].[PREGUNTAS] ([ID], [CATEGORIAID], [DESCRIPCION]) VALUES (46, 32, N'Jugador con mas botines de oro')
GO
INSERT [dbo].[PREGUNTAS] ([ID], [CATEGORIAID], [DESCRIPCION]) VALUES (47, 33, N'Como se llama la persona que ha tenido el cabello mas largo en el mundo')
GO
INSERT [dbo].[PREGUNTAS] ([ID], [CATEGORIAID], [DESCRIPCION]) VALUES (48, 33, N'Hombre mas fuerte del mundo')
GO
INSERT [dbo].[PREGUNTAS] ([ID], [CATEGORIAID], [DESCRIPCION]) VALUES (49, 33, N'Cuanto mide la persona mas alta de estatura en el mundo')
GO
INSERT [dbo].[PREGUNTAS] ([ID], [CATEGORIAID], [DESCRIPCION]) VALUES (50, 33, N'Cuanto mide la persona mas baja de estatura en el mundo')
GO
INSERT [dbo].[PREGUNTAS] ([ID], [CATEGORIAID], [DESCRIPCION]) VALUES (51, 33, N'Canino mas grande en el mundo')
GO
INSERT [dbo].[PREGUNTAS] ([ID], [CATEGORIAID], [DESCRIPCION]) VALUES (53, 34, N'En que pais se acostumbra a comer murcielago ')
GO
INSERT [dbo].[PREGUNTAS] ([ID], [CATEGORIAID], [DESCRIPCION]) VALUES (54, 34, N'En que departamento de Colombia se acostumbra a comer hormiga culona')
GO
INSERT [dbo].[PREGUNTAS] ([ID], [CATEGORIAID], [DESCRIPCION]) VALUES (55, 34, N'Animales que se pueden consumir vivos ')
GO
INSERT [dbo].[PREGUNTAS] ([ID], [CATEGORIAID], [DESCRIPCION]) VALUES (56, 34, N'Una de las comidas mas caras del mundo ')
GO
INSERT [dbo].[PREGUNTAS] ([ID], [CATEGORIAID], [DESCRIPCION]) VALUES (57, 34, N'Carne mas costosa en Colombia ')
GO
SET IDENTITY_INSERT [dbo].[PREGUNTAS] OFF
GO
SET IDENTITY_INSERT [dbo].[RESPUESTAS] ON 
GO
INSERT [dbo].[RESPUESTAS] ([ID], [PREGUNTAID], [DESCRIPCION], [ESCORRECTA]) VALUES (109, 31, N'Caballo', 0)
GO
INSERT [dbo].[RESPUESTAS] ([ID], [PREGUNTAID], [DESCRIPCION], [ESCORRECTA]) VALUES (110, 31, N'Culebra', 0)
GO
INSERT [dbo].[RESPUESTAS] ([ID], [PREGUNTAID], [DESCRIPCION], [ESCORRECTA]) VALUES (111, 31, N'Caracol', 1)
GO
INSERT [dbo].[RESPUESTAS] ([ID], [PREGUNTAID], [DESCRIPCION], [ESCORRECTA]) VALUES (112, 31, N'Papino de mar', 0)
GO
INSERT [dbo].[RESPUESTAS] ([ID], [PREGUNTAID], [DESCRIPCION], [ESCORRECTA]) VALUES (114, 32, N'Gaviota', 0)
GO
INSERT [dbo].[RESPUESTAS] ([ID], [PREGUNTAID], [DESCRIPCION], [ESCORRECTA]) VALUES (115, 32, N'Colibri', 1)
GO
INSERT [dbo].[RESPUESTAS] ([ID], [PREGUNTAID], [DESCRIPCION], [ESCORRECTA]) VALUES (116, 32, N'Paloma', 0)
GO
INSERT [dbo].[RESPUESTAS] ([ID], [PREGUNTAID], [DESCRIPCION], [ESCORRECTA]) VALUES (117, 32, N'Loro', 0)
GO
INSERT [dbo].[RESPUESTAS] ([ID], [PREGUNTAID], [DESCRIPCION], [ESCORRECTA]) VALUES (118, 33, N'Los Morrocoy', 0)
GO
INSERT [dbo].[RESPUESTAS] ([ID], [PREGUNTAID], [DESCRIPCION], [ESCORRECTA]) VALUES (119, 33, N'Los equidnas', 1)
GO
INSERT [dbo].[RESPUESTAS] ([ID], [PREGUNTAID], [DESCRIPCION], [ESCORRECTA]) VALUES (120, 33, N'Perezosos', 0)
GO
INSERT [dbo].[RESPUESTAS] ([ID], [PREGUNTAID], [DESCRIPCION], [ESCORRECTA]) VALUES (121, 33, N'Hormiga culona', 0)
GO
INSERT [dbo].[RESPUESTAS] ([ID], [PREGUNTAID], [DESCRIPCION], [ESCORRECTA]) VALUES (122, 34, N'Del color amarillendo de su dorso', 1)
GO
INSERT [dbo].[RESPUESTAS] ([ID], [PREGUNTAID], [DESCRIPCION], [ESCORRECTA]) VALUES (123, 34, N'Porque anteriormente los alimentaban con limones ', 0)
GO
INSERT [dbo].[RESPUESTAS] ([ID], [PREGUNTAID], [DESCRIPCION], [ESCORRECTA]) VALUES (124, 34, N'La carne es acida como un limon', 0)
GO
INSERT [dbo].[RESPUESTAS] ([ID], [PREGUNTAID], [DESCRIPCION], [ESCORRECTA]) VALUES (125, 34, N'Se acostumbra a comer con limon', 0)
GO
INSERT [dbo].[RESPUESTAS] ([ID], [PREGUNTAID], [DESCRIPCION], [ESCORRECTA]) VALUES (126, 35, N'Tigre', 1)
GO
INSERT [dbo].[RESPUESTAS] ([ID], [PREGUNTAID], [DESCRIPCION], [ESCORRECTA]) VALUES (127, 35, N'Elefante ', 0)
GO
INSERT [dbo].[RESPUESTAS] ([ID], [PREGUNTAID], [DESCRIPCION], [ESCORRECTA]) VALUES (128, 35, N'Lombris', 0)
GO
INSERT [dbo].[RESPUESTAS] ([ID], [PREGUNTAID], [DESCRIPCION], [ESCORRECTA]) VALUES (129, 35, N'Tortuga', 0)
GO
INSERT [dbo].[RESPUESTAS] ([ID], [PREGUNTAID], [DESCRIPCION], [ESCORRECTA]) VALUES (130, 36, N'1995', 1)
GO
INSERT [dbo].[RESPUESTAS] ([ID], [PREGUNTAID], [DESCRIPCION], [ESCORRECTA]) VALUES (131, 36, N'1998', 0)
GO
INSERT [dbo].[RESPUESTAS] ([ID], [PREGUNTAID], [DESCRIPCION], [ESCORRECTA]) VALUES (132, 36, N'2005', 0)
GO
INSERT [dbo].[RESPUESTAS] ([ID], [PREGUNTAID], [DESCRIPCION], [ESCORRECTA]) VALUES (133, 36, N'1997', 0)
GO
INSERT [dbo].[RESPUESTAS] ([ID], [PREGUNTAID], [DESCRIPCION], [ESCORRECTA]) VALUES (138, 38, N'1716', 0)
GO
INSERT [dbo].[RESPUESTAS] ([ID], [PREGUNTAID], [DESCRIPCION], [ESCORRECTA]) VALUES (139, 38, N'1512', 0)
GO
INSERT [dbo].[RESPUESTAS] ([ID], [PREGUNTAID], [DESCRIPCION], [ESCORRECTA]) VALUES (140, 38, N'1616', 1)
GO
INSERT [dbo].[RESPUESTAS] ([ID], [PREGUNTAID], [DESCRIPCION], [ESCORRECTA]) VALUES (141, 38, N'1816', 0)
GO
INSERT [dbo].[RESPUESTAS] ([ID], [PREGUNTAID], [DESCRIPCION], [ESCORRECTA]) VALUES (142, 39, N'Alfonso de Jesus Cepeda', 0)
GO
INSERT [dbo].[RESPUESTAS] ([ID], [PREGUNTAID], [DESCRIPCION], [ESCORRECTA]) VALUES (143, 39, N'Gabriel Garcia Marquez', 1)
GO
INSERT [dbo].[RESPUESTAS] ([ID], [PREGUNTAID], [DESCRIPCION], [ESCORRECTA]) VALUES (144, 39, N'Erick Max', 1)
GO
INSERT [dbo].[RESPUESTAS] ([ID], [PREGUNTAID], [DESCRIPCION], [ESCORRECTA]) VALUES (145, 39, N'Julio Comesaña', 0)
GO
INSERT [dbo].[RESPUESTAS] ([ID], [PREGUNTAID], [DESCRIPCION], [ESCORRECTA]) VALUES (146, 40, N'Antioquia', 0)
GO
INSERT [dbo].[RESPUESTAS] ([ID], [PREGUNTAID], [DESCRIPCION], [ESCORRECTA]) VALUES (147, 40, N'El valle', 0)
GO
INSERT [dbo].[RESPUESTAS] ([ID], [PREGUNTAID], [DESCRIPCION], [ESCORRECTA]) VALUES (148, 40, N'Cundinamarca', 1)
GO
INSERT [dbo].[RESPUESTAS] ([ID], [PREGUNTAID], [DESCRIPCION], [ESCORRECTA]) VALUES (149, 40, N'Atlantico', 0)
GO
INSERT [dbo].[RESPUESTAS] ([ID], [PREGUNTAID], [DESCRIPCION], [ESCORRECTA]) VALUES (150, 41, N'La orquidea', 1)
GO
INSERT [dbo].[RESPUESTAS] ([ID], [PREGUNTAID], [DESCRIPCION], [ESCORRECTA]) VALUES (151, 41, N'La rosa', 0)
GO
INSERT [dbo].[RESPUESTAS] ([ID], [PREGUNTAID], [DESCRIPCION], [ESCORRECTA]) VALUES (152, 41, N'Girasol', 0)
GO
INSERT [dbo].[RESPUESTAS] ([ID], [PREGUNTAID], [DESCRIPCION], [ESCORRECTA]) VALUES (153, 41, N'Margaritas', 0)
GO
INSERT [dbo].[RESPUESTAS] ([ID], [PREGUNTAID], [DESCRIPCION], [ESCORRECTA]) VALUES (154, 42, N'Edgan', 1)
GO
INSERT [dbo].[RESPUESTAS] ([ID], [PREGUNTAID], [DESCRIPCION], [ESCORRECTA]) VALUES (155, 42, N'Nairo', 0)
GO
INSERT [dbo].[RESPUESTAS] ([ID], [PREGUNTAID], [DESCRIPCION], [ESCORRECTA]) VALUES (156, 42, N'Sergio ', 0)
GO
INSERT [dbo].[RESPUESTAS] ([ID], [PREGUNTAID], [DESCRIPCION], [ESCORRECTA]) VALUES (157, 42, N'Rigo', 0)
GO
INSERT [dbo].[RESPUESTAS] ([ID], [PREGUNTAID], [DESCRIPCION], [ESCORRECTA]) VALUES (158, 43, N'Paola Pajon', 1)
GO
INSERT [dbo].[RESPUESTAS] ([ID], [PREGUNTAID], [DESCRIPCION], [ESCORRECTA]) VALUES (159, 43, N'Yuri alvear', 0)
GO
INSERT [dbo].[RESPUESTAS] ([ID], [PREGUNTAID], [DESCRIPCION], [ESCORRECTA]) VALUES (160, 43, N'Jackelin Renteria ', 0)
GO
INSERT [dbo].[RESPUESTAS] ([ID], [PREGUNTAID], [DESCRIPCION], [ESCORRECTA]) VALUES (161, 43, N'ninguna de las anteriores', 0)
GO
INSERT [dbo].[RESPUESTAS] ([ID], [PREGUNTAID], [DESCRIPCION], [ESCORRECTA]) VALUES (162, 44, N'Juan Lopez', 0)
GO
INSERT [dbo].[RESPUESTAS] ([ID], [PREGUNTAID], [DESCRIPCION], [ESCORRECTA]) VALUES (163, 44, N'Diego Armando', 0)
GO
INSERT [dbo].[RESPUESTAS] ([ID], [PREGUNTAID], [DESCRIPCION], [ESCORRECTA]) VALUES (164, 44, N'Sergio ', 0)
GO
INSERT [dbo].[RESPUESTAS] ([ID], [PREGUNTAID], [DESCRIPCION], [ESCORRECTA]) VALUES (165, 44, N'Oscar Figueroa', 1)
GO
INSERT [dbo].[RESPUESTAS] ([ID], [PREGUNTAID], [DESCRIPCION], [ESCORRECTA]) VALUES (166, 45, N'Edgan', 1)
GO
INSERT [dbo].[RESPUESTAS] ([ID], [PREGUNTAID], [DESCRIPCION], [ESCORRECTA]) VALUES (167, 45, N'Nairo', 0)
GO
INSERT [dbo].[RESPUESTAS] ([ID], [PREGUNTAID], [DESCRIPCION], [ESCORRECTA]) VALUES (168, 45, N'Sergio ', 0)
GO
INSERT [dbo].[RESPUESTAS] ([ID], [PREGUNTAID], [DESCRIPCION], [ESCORRECTA]) VALUES (169, 45, N'Rigo', 0)
GO
INSERT [dbo].[RESPUESTAS] ([ID], [PREGUNTAID], [DESCRIPCION], [ESCORRECTA]) VALUES (170, 46, N'Tino Asprilla', 0)
GO
INSERT [dbo].[RESPUESTAS] ([ID], [PREGUNTAID], [DESCRIPCION], [ESCORRECTA]) VALUES (171, 46, N'Halan', 0)
GO
INSERT [dbo].[RESPUESTAS] ([ID], [PREGUNTAID], [DESCRIPCION], [ESCORRECTA]) VALUES (172, 46, N'Cristiano Ronaldo ', 1)
GO
INSERT [dbo].[RESPUESTAS] ([ID], [PREGUNTAID], [DESCRIPCION], [ESCORRECTA]) VALUES (173, 46, N'Denbele', 0)
GO
INSERT [dbo].[RESPUESTAS] ([ID], [PREGUNTAID], [DESCRIPCION], [ESCORRECTA]) VALUES (174, 47, N'Monthelana hisuki', 0)
GO
INSERT [dbo].[RESPUESTAS] ([ID], [PREGUNTAID], [DESCRIPCION], [ESCORRECTA]) VALUES (175, 47, N'Dora Rodriguez', 0)
GO
INSERT [dbo].[RESPUESTAS] ([ID], [PREGUNTAID], [DESCRIPCION], [ESCORRECTA]) VALUES (176, 47, N'Nilanshi Patel ', 1)
GO
INSERT [dbo].[RESPUESTAS] ([ID], [PREGUNTAID], [DESCRIPCION], [ESCORRECTA]) VALUES (177, 47, N'Ronaldiña Aristoteles', 0)
GO
INSERT [dbo].[RESPUESTAS] ([ID], [PREGUNTAID], [DESCRIPCION], [ESCORRECTA]) VALUES (178, 48, N'Tom Stoltman', 1)
GO
INSERT [dbo].[RESPUESTAS] ([ID], [PREGUNTAID], [DESCRIPCION], [ESCORRECTA]) VALUES (179, 48, N'The Rock', 0)
GO
INSERT [dbo].[RESPUESTAS] ([ID], [PREGUNTAID], [DESCRIPCION], [ESCORRECTA]) VALUES (180, 48, N'Junior Stuart ', 0)
GO
INSERT [dbo].[RESPUESTAS] ([ID], [PREGUNTAID], [DESCRIPCION], [ESCORRECTA]) VALUES (181, 48, N'Arnold schwarzenegger ', 0)
GO
INSERT [dbo].[RESPUESTAS] ([ID], [PREGUNTAID], [DESCRIPCION], [ESCORRECTA]) VALUES (182, 49, N'2,80 M', 0)
GO
INSERT [dbo].[RESPUESTAS] ([ID], [PREGUNTAID], [DESCRIPCION], [ESCORRECTA]) VALUES (183, 49, N'2,51 M', 1)
GO
INSERT [dbo].[RESPUESTAS] ([ID], [PREGUNTAID], [DESCRIPCION], [ESCORRECTA]) VALUES (184, 49, N'3,12 M ', 0)
GO
INSERT [dbo].[RESPUESTAS] ([ID], [PREGUNTAID], [DESCRIPCION], [ESCORRECTA]) VALUES (185, 49, N'3, 50M ', 0)
GO
INSERT [dbo].[RESPUESTAS] ([ID], [PREGUNTAID], [DESCRIPCION], [ESCORRECTA]) VALUES (186, 50, N'72.10 Cm', 1)
GO
INSERT [dbo].[RESPUESTAS] ([ID], [PREGUNTAID], [DESCRIPCION], [ESCORRECTA]) VALUES (187, 50, N'30.1 Cm', 0)
GO
INSERT [dbo].[RESPUESTAS] ([ID], [PREGUNTAID], [DESCRIPCION], [ESCORRECTA]) VALUES (188, 50, N'45,Cm ', 0)
GO
INSERT [dbo].[RESPUESTAS] ([ID], [PREGUNTAID], [DESCRIPCION], [ESCORRECTA]) VALUES (189, 50, N'80,Cm ', 0)
GO
INSERT [dbo].[RESPUESTAS] ([ID], [PREGUNTAID], [DESCRIPCION], [ESCORRECTA]) VALUES (190, 51, N'Gran Danes 80 cm', 1)
GO
INSERT [dbo].[RESPUESTAS] ([ID], [PREGUNTAID], [DESCRIPCION], [ESCORRECTA]) VALUES (191, 51, N'Bulldog Frances 90Cm', 0)
GO
INSERT [dbo].[RESPUESTAS] ([ID], [PREGUNTAID], [DESCRIPCION], [ESCORRECTA]) VALUES (192, 51, N'Pitbull 92 Cm ', 0)
GO
INSERT [dbo].[RESPUESTAS] ([ID], [PREGUNTAID], [DESCRIPCION], [ESCORRECTA]) VALUES (193, 51, N'Ninguno de los anteriores ', 0)
GO
INSERT [dbo].[RESPUESTAS] ([ID], [PREGUNTAID], [DESCRIPCION], [ESCORRECTA]) VALUES (194, 53, N'China', 1)
GO
INSERT [dbo].[RESPUESTAS] ([ID], [PREGUNTAID], [DESCRIPCION], [ESCORRECTA]) VALUES (195, 53, N'Portugal', 0)
GO
INSERT [dbo].[RESPUESTAS] ([ID], [PREGUNTAID], [DESCRIPCION], [ESCORRECTA]) VALUES (196, 53, N'España ', 0)
GO
INSERT [dbo].[RESPUESTAS] ([ID], [PREGUNTAID], [DESCRIPCION], [ESCORRECTA]) VALUES (197, 53, N'Rusia ', 0)
GO
INSERT [dbo].[RESPUESTAS] ([ID], [PREGUNTAID], [DESCRIPCION], [ESCORRECTA]) VALUES (198, 54, N'Antioquia', 0)
GO
INSERT [dbo].[RESPUESTAS] ([ID], [PREGUNTAID], [DESCRIPCION], [ESCORRECTA]) VALUES (199, 54, N'Portugal', 0)
GO
INSERT [dbo].[RESPUESTAS] ([ID], [PREGUNTAID], [DESCRIPCION], [ESCORRECTA]) VALUES (200, 54, N'Norte de Santander ', 1)
GO
INSERT [dbo].[RESPUESTAS] ([ID], [PREGUNTAID], [DESCRIPCION], [ESCORRECTA]) VALUES (201, 54, N'Amazonas ', 0)
GO
INSERT [dbo].[RESPUESTAS] ([ID], [PREGUNTAID], [DESCRIPCION], [ESCORRECTA]) VALUES (202, 55, N'Pez globo', 0)
GO
INSERT [dbo].[RESPUESTAS] ([ID], [PREGUNTAID], [DESCRIPCION], [ESCORRECTA]) VALUES (203, 55, N'cerebro de mono', 0)
GO
INSERT [dbo].[RESPUESTAS] ([ID], [PREGUNTAID], [DESCRIPCION], [ESCORRECTA]) VALUES (204, 55, N'Hakarl  ', 0)
GO
INSERT [dbo].[RESPUESTAS] ([ID], [PREGUNTAID], [DESCRIPCION], [ESCORRECTA]) VALUES (205, 55, N'Tarantula ', 1)
GO
INSERT [dbo].[RESPUESTAS] ([ID], [PREGUNTAID], [DESCRIPCION], [ESCORRECTA]) VALUES (206, 56, N'Caviar Almas', 1)
GO
INSERT [dbo].[RESPUESTAS] ([ID], [PREGUNTAID], [DESCRIPCION], [ESCORRECTA]) VALUES (207, 56, N'Pasta Italiana', 0)
GO
INSERT [dbo].[RESPUESTAS] ([ID], [PREGUNTAID], [DESCRIPCION], [ESCORRECTA]) VALUES (208, 56, N'mondongo ', 0)
GO
INSERT [dbo].[RESPUESTAS] ([ID], [PREGUNTAID], [DESCRIPCION], [ESCORRECTA]) VALUES (209, 56, N'Carne Dorada ', 0)
GO
INSERT [dbo].[RESPUESTAS] ([ID], [PREGUNTAID], [DESCRIPCION], [ESCORRECTA]) VALUES (210, 57, N'Wagyu', 1)
GO
INSERT [dbo].[RESPUESTAS] ([ID], [PREGUNTAID], [DESCRIPCION], [ESCORRECTA]) VALUES (211, 57, N'Tres telas', 0)
GO
INSERT [dbo].[RESPUESTAS] ([ID], [PREGUNTAID], [DESCRIPCION], [ESCORRECTA]) VALUES (212, 57, N'Costilla de cerdo mini Pig ', 0)
GO
INSERT [dbo].[RESPUESTAS] ([ID], [PREGUNTAID], [DESCRIPCION], [ESCORRECTA]) VALUES (213, 57, N'Carne tostada ', 0)
GO
SET IDENTITY_INSERT [dbo].[RESPUESTAS] OFF
GO
ALTER TABLE [dbo].[PREGUNTAS]  WITH CHECK ADD FOREIGN KEY([CATEGORIAID])
REFERENCES [dbo].[CATEGORIAS] ([ID])
GO
ALTER TABLE [dbo].[RESPUESTAS]  WITH CHECK ADD FOREIGN KEY([PREGUNTAID])
REFERENCES [dbo].[PREGUNTAS] ([ID])
GO
/****** Object:  StoredProcedure [dbo].[GuardarResultado]    Script Date: 17/10/2021 9:19:03 p. m. ******/
SET ANSI_NULLS ON
GO
SET QUOTED_IDENTIFIER ON
GO
CREATE PROCEDURE [dbo].[GuardarResultado]
@nombre VARCHAR(128),
@puntos INT
AS
BEGIN
	INSERT INTO HISTORICO (Nombre, puntos) VALUES (@nombre, @puntos)
END
GO
/****** Object:  StoredProcedure [dbo].[ObtenerHistorico]    Script Date: 17/10/2021 9:19:03 p. m. ******/
SET ANSI_NULLS ON
GO
SET QUOTED_IDENTIFIER ON
GO
CREATE PROCEDURE [dbo].[ObtenerHistorico]
AS
BEGIN
	SELECT Nombre, Puntos FROM HISTORICO order by Puntos DESC
END
GO
/****** Object:  StoredProcedure [dbo].[PreguntasPorCategoria]    Script Date: 17/10/2021 9:19:03 p. m. ******/
SET ANSI_NULLS ON
GO
SET QUOTED_IDENTIFIER ON
GO
CREATE PROCEDURE [dbo].[PreguntasPorCategoria]
	@Nivel int
AS
BEGIN
	select p.Id, c.NOMBRE as [Categoria],
		p.DESCRIPCION as [Descripcion],
		c.NIVEL as [Nivel],
		c.PUNTOS as [Puntos]
	from PREGUNTAS p
		inner join CATEGORIAS c on p.CATEGORIAID = c.ID
	where c.NIVEL = @Nivel
END
GO
/****** Object:  StoredProcedure [dbo].[RespuestasPorPregunta]    Script Date: 17/10/2021 9:19:03 p. m. ******/
SET ANSI_NULLS ON
GO
SET QUOTED_IDENTIFIER ON
GO
CREATE PROCEDURE [dbo].[RespuestasPorPregunta]
	@Id int
AS
BEGIN
	select r.DESCRIPCION as [Descripcion],
		r.ESCORRECTA as [EsCorrecta]
	from RESPUESTAS r
	where r.PREGUNTAID = @Id
END
GO
USE [master]
GO
ALTER DATABASE [Sofka] SET  READ_WRITE 
GO
